task,sample_id,subject,source_index,loss,prompt_len,completion_len
mmlu,0,abstract_algebra,83,12.089024543762207,96,1
mmlu,1,abstract_algebra,53,12.008028030395508,95,1
mmlu,2,abstract_algebra,70,6.375448226928711,62,1
mmlu,3,college_mathematics,83,13.283576965332031,62,1
mmlu,4,college_mathematics,53,5.7035298347473145,60,1
mmlu,5,college_mathematics,70,3.6709866523742676,163,1
mmlu,6,logical_fallacies,135,3.1259236335754395,120,1
mmlu,7,logical_fallacies,115,4.796785354614258,72,1
mmlu,8,logical_fallacies,131,3.0605244636535645,68,1
